<PAMDataset>
  <PAMRasterBand band="1">
    <Histograms>
      <HistItem>
        <HistMin>-0.5</HistMin>
        <HistMax>10.5</HistMax>
        <BucketCount>11</BucketCount>
        <IncludeOutOfRange>1</IncludeOutOfRange>
        <Approximate>0</Approximate>
        <HistCounts>0|0|669|138089|956017|1321111|2170595|1252969|634565|100322|4936</HistCounts>
      </HistItem>
    </Histograms>
    <Metadata>
      <MDI key="STATISTICS_MINIMUM">2</MDI>
      <MDI key="STATISTICS_MAXIMUM">10</MDI>
      <MDI key="STATISTICS_MEAN">5.8772996651757</MDI>
      <MDI key="STATISTICS_STDDEV">1.2972942850643</MDI>
      <MDI key="STATISTICS_MEDIAN">6.000000</MDI>
      <MDI key="STATISTICS_COUNT">6579273.000000</MDI>
      <MDI key="STATISTICS_SKIPFACTORX">1</MDI>
      <MDI key="STATISTICS_SKIPFACTORY">1</MDI>
      <MDI key="STATISTICS_EXCLUDEDVALUES"></MDI>
      <MDI key="STATISTICS_COVARIANCES">1.682972462060403</MDI>
    </Metadata>
  </PAMRasterBand>
</PAMDataset>
